Supplementary Table 6. E. coli K-12 essential gene candidates,,,,,,,,,,,,,,,,,
1. ECK number,2. gene,3. W3110 information,,,,4. MG1655 information,,,,5. genetic,6. PEC,7. MG_Tn5,8. Score,9. Ortholog,10. Bs ID,11. Bs gene,12. Bs essential
,,,,gene coordinates,,,,gene coordinates,,,,,,,,,
,,JW ID,direction,left nt,right nt,b number,direction,left nt,right nt,,,,,,,,
ECK0026,ribF,JW0023,+,21407,22348,b0025,+,21407,22348,E,N,u,1,Ec,BSU16670,ribC,
ECK0028,lspA,JW0025,+,25207,25701,b0027,+,25207,25701,E,E,u,3,P,BSU15450,lspA,
ECK0030,ispH,JW0027,+,26277,27227,b0029,+,26277,27227,E,E,u,3,Ec,BSU25160,yqfP,BSU25160
ECK0032,dapB,JW0029,+,28374,29195,b0031,+,28374,29195,E,N,u,1,P,BSU22490,dapB,BSU22490
ECK0049,folA,JW0047,+,49823,50302,b0048,+,49823,50302,E,N,u,1,G,BSU21810,dfrA,BSU21810
ECK0055,imp,JW0053,-,54755,57109,b0054,-,54755,57109,E,E,u,3,Ec,,,
ECK0058,yabQ,JW0056,+,59121,59279,b0057,+,59121,59279,N,u,u,1,,,,
ECK0084,ftsL,JW0081,+,91032,91397,b0083,+,91032,91397,E,E,u,3,Ec,,,
ECK0085,ftsI,JW0082,+,91413,93179,b0084,+,91413,93179,E,E,u,3,G,BSU15160,pbpB,BSU15160
ECK0086,murE,JW0083,+,93166,94653,b0085,+,93166,94653,E,E,u,3,Ec,BSU15180,murE,BSU15180
ECK0087,murF,JW0084,+,94650,96008,b0086,+,94650,96008,N,E,u,2,Ec,BSU04570,murF,BSU04570
ECK0088,mraY,JW0085,+,96002,97084,b0087,+,96002,97084,N,E,u,2,Ec,BSU15190,mraY,BSU15190
ECK0089,murD,JW0086,+,97087,98403,b0088,+,97087,98403,E,E,u,3,P,BSU15200,murD,BSU15200
ECK0090,ftsW,JW0087,+,98403,99647,b0089,+,98403,99647,E,E,u,3,G,BSU15210,spoVE,
ECK0091,murG,JW0088,+,99644,100711,b0090,+,99644,100711,E,E,u,3,P,BSU15220,murG,BSU15220
ECK0092,murC,JW0089,+,100765,102240,b0091,+,100765,102240,E,E,u,3,Ec,BSU29790,murC,BSU29790
ECK0094,ftsQ,JW0091,+,103155,103985,b0093,+,103155,103985,E,E,u,3,Ec,,,
ECK0095,ftsA,JW0092,+,103982,105244,b0094,+,103982,105244,E,E,u,3,P,BSU15280,ftsA,BSU15280
ECK0096,ftsZ,JW0093,+,105305,106456,b0095,+,105305,106456,E,E,u,3,P,BSU15290,ftsZ,BSU15290
ECK0097,lpxC,JW0094,+,106557,107474,b0096,+,106557,107474,?,E,u,2.5,Ec,,,
ECK0098,secM,JW5007,+,107705,108217,b0097,+,107705,108217,E,u,N,1,Ec,,,
ECK0099,secA,JW0096,+,108279,110984,b0098,+,108279,110984,E,E,u,3,B,BSU35300,secA,BSU35300
ECK0125,can,JW0122,-,142008,142670,b0126,-,142008,142670,E,E,u,3,Ec,,,
ECK0141,folK,JW0138,-,157253,157732,b0142,-,157253,157732,E,N,u,1,Ec,BSU00790,folK,
ECK0153,hemL,JW0150,-,173602,174882,b0154,-,173602,174882,E,N,u,1,Ec,BSU28120,hemL,
ECK0155,yadR,JW0152,+,176610,176954,b0156,+,176610,176954,N,u,u,1,G,BSU32160,yutM,
ECK0164,dapD,JW0161,-,185123,185947,b0166,-,185123,185947,E,N,u,1,G,BSU14180,ykuQ,BSU14180
ECK0166,map,JW0163,-,188712,189506,b0168,-,188712,189506,E,E,u,3,P,BSU01380,map,BSU01380
ECK0168,rpsB,JW0164,+,189874,190599,b0169,+,189874,190599,E,E,u,3,B,BSU16490,rpsB,BSU16490
ECK0169,tsf,JW0165,+,190857,191708,b0170,+,190857,191708,E,u,u,2,B,BSU16500,tsf,BSU16500
ECK0170,pyrH,JW0166,+,191855,192580,b0171,+,191855,192580,E,E,u,3,P,BSU16510,pyrH,
ECK0171,frr,JW0167,+,192872,193429,b0172,+,192872,193429,E,E,u,3,B,BSU16520,frr,BSU16520
ECK0172,dxr,JW0168,+,193521,194717,b0173,+,193521,194717,E,E,u,3,,BSU16550,dxr,BSU16550
ECK0173,ispU,JW0169,+,194903,195664,b0174,+,194903,195664,E,E,u,3,G,BSU16530,uppS,
ECK0174,cdsA,JW5810,+,195677,196534,b0175,+,195677,196534,E,E,u,3,Ec,BSU16540,cdsA,BSU16540
ECK0175,yaeL,JW0171,+,196546,197898,b0176,+,196546,197898,N,E,u,2,Ec,BSU16560,yluC,
ECK0176,yaeT,JW0172,+,197928,200360,b0177,+,197928,200360,E,u,u,2,Ec,,,
ECK0178,lpxD,JW0174,+,200971,201996,b0179,+,200971,201996,?,E,u,2.5,Ec,,,
ECK0179,fabZ,JW0175,+,202101,202556,b0180,+,202101,202556,E,E,u,3,Ec,BSU36370,ywpB,
ECK0180,lpxA,JW0176,+,202560,203348,b0181,+,202560,203348,E,E,u,3,Ec,,,
ECK0181,lpxB,JW0177,+,203348,204496,b0182,+,203348,204496,E,E,u,3,Ec,,,
ECK0183,dnaE,JW0179,+,205126,208608,b0184,+,205126,208608,E,E,u,3,B,BSU29230,dnaE,BSU29230
ECK0184,accA,JW0180,+,208621,209580,b0185,+,208621,209580,E,E,u,3,Ec,BSU29200,accA,BSU29200
ECK0187,tilS,JW0183,+,212331,213629,b0188,+,212331,213629,E,E,u,3,G,BSU00670,yacA,BSU00670
ECK0194,proS,JW0190,-,217057,218775,b0194,-,217057,218775,E,E,u,3,G,BSU16570,proS,BSU16570
ECK0219,yafF,JW0208,+,239190,239378,b4503,+,239190,239378,-,u,u,1.5,,,,
ECK0271,yagG,JW0263,+,284619,286001,b0270,+,284619,286001,E,N,N,0,Ec,,,
ECK0366,hemB,JW0361,-,387977,388951,b0369,-,387977,388951,E,N,u,1,Ec,BSU28130,hemB,
ECK0402,secD,JW0398,+,426871,428718,b0408,+,426871,428718,E,N,u,1,Ec,BSU27650,secDF,
ECK0403,secF,JW0399,+,428729,429700,b0409,+,428729,429700,E,N,u,1,Ec,BSU27650,secDF,
ECK0408,ribD,JW0404,+,432679,433782,b0414,+,432679,433782,E,N,u,1,G,BSU23280,ribD,
ECK0409,ribE,JW0405,+,433871,434341,b0415,+,433871,434341,E,N,u,1,G,BSU23250,ribH,
ECK0411,thiL,JW0407,+,434858,435835,b0417,+,434858,435835,E,u,u,2,Ec,BSU05900,thiL,
ECK0414,dxs,JW0410,-,437539,439401,b0420,-,437539,439401,E,E,u,3,Ec,BSU24270,dxs,BSU24270
ECK0415,ispA,JW0411,-,439426,440325,b0421,-,439426,440325,E,E,u,3,Ec,BSU24280,yqiD,BSU24280
ECK0464,dnaX,JW0459,+,491316,493247,b0470,+,491316,493247,E,E,u,3,G,BSU00190,dnaX,BSU00190
ECK0468,adk,JW0463,+,496399,497043,b0474,+,496399,497043,E,E,u,3,P,BSU01370,adk,BSU01370
ECK0469,hemH,JW0464,+,497279,498241,b0475,+,497279,498241,E,N,u,1,Ec,BSU10130,hemH,
ECK0517,lpxH,JW0513,-,552441,553163,b0524,-,552441,553163,E,E,u,3,Ec,,,
ECK0519,cysS,JW0515,+,553834,555219,b0526,+,553834,555219,E,E,u,3,B,BSU00940,cysS,BSU00940
ECK0522,folD,JW0518,-,556098,556964,b0529,-,556098,556964,N,N,u,0,En,BSU24310,folD,BSU24310
ECK0575,entD,JW5085,-,608682,609311,b0583,-,608682,609311,N,N,u,0,Ec,,,
ECK0627,mrdB,JW0629,-,665623,666735,b0634,-,664424,665536,E,E,u,3,Ec,,,
ECK0628,mrdA,JW0630,-,666738,668639,b0635,-,665539,667440,E,E,u,3,Ec,BSU04140,pbpC,
ECK0632,nadD,JW0634,-,670353,670994,b0639,-,669154,669795,N,u,u,1,Ec,BSU25640,yqeJ,BSU25640
ECK0633,holA,JW0635,-,670996,672027,b0640,-,669797,670828,E,E,u,3,G,,,
ECK0634,rlpB,JW0636,-,672027,672608,b0641,-,670828,671409,E,N,u,1,Ec,,,
ECK0635,leuS,JW0637,-,672623,675205,b0642,-,671424,674006,E,E,u,3,ABE,BSU30320,leuS,BSU30320
ECK0649,lnt,JW0654,-,689765,691303,b0657,-,688566,690104,X,E,u,2.5,Ec,,,
ECK0668,glnS,JW0666,+,706515,708179,b0680,+,705316,706980,E,E,u,3,En,,,
ECK0672,fldA,JW0671,-,711357,711887,b0684,-,710158,710688,N,E,u,2,En,BSU14150,ykuN,
ECK0721,cydA,JW0722,+,771880,773448,b0733,+,770681,772249,E,N,N,0,Ec,BSU38760,cydA,
ECK0875,infA,JW0867,-,926647,926865,b0884,-,925448,925666,?,E,u,2.5,P,BSU01390,infA,BSU01390
ECK0877,cydC,JW0869,-,927896,929617,b0886,-,926697,928418,E,N,u,1,Ec,BSU38730,cydD,
ECK0881,ftsK,JW0873,+,933646,937635,b0890,+,932447,936436,N*,E,u,2,Ec,BSU16800,spoIIIE,
ECK0882,lolA,JW0874,+,937791,938405,b0891,+,936592,937206,N,E,u,2,Ec,,,
ECK0884,serS,JW0876,+,939850,941142,b0893,+,938651,939943,E,E,u,3,ABE,BSU00130,serS,BSU00130
ECK0902,rpsA,JW0894,+,962417,964090,b0911,+,961218,962891,N*,E,u,2,P,BSU22880,ypfD,
ECK0905,msbA,JW0897,+,967043,968791,b0914,+,965844,967592,E,E,u,3,Ec,BSU08220,yfiC,
ECK0906,lpxK,JW0898,+,968788,969774,b0915,+,967589,968575,E,u,u,2,,,,
ECK0909,kdsB,JW0901,+,971274,972020,b0918,+,970075,970821,E,E,u,3,Ec,,,
ECK0913,mukF,JW0905,+,974741,976063,b0922,+,973542,974864,E,N,u,1,Ec,,,
ECK0914,mukE,JW0906,+,976071,976748,b0923,+,974872,975549,E,N,u,1,Ec,,,
ECK0915,mukB,JW0907,+,976748,981208,b0924,+,975549,980009,E,N,N,0,Ec,,,
ECK0921,asnS,JW0913,-,988007,989407,b0930,-,986808,988208,E,E,u,3,En,BSU22360,asnS,BSU22360
ECK0945,fabA,JW0937,-,1016374,1016892,b0954,-,1015175,1015693,E,E,u,3,Ec,,,
ECK1054,mviN,JW1056,+,1129416,1130951,b1069,+,1127062,1128597,E,u,u,2,P,BSU00570,yabM,
ECK1069,rne,JW1071,-,1142759,1145944,b1084,-,1140405,1143590,E,E,u,3,G,,,
ECK1070,yceQ,JW5154,+,1146079,1146399,b1085,+,1143725,1144045,E,u,u,2,Ec,,,
ECK1078,fabD,JW1078,+,1151305,1152234,b1092,+,1148951,1149880,E,E,u,3,Ec,BSU15900,fabD,BSU15900
ECK1079,fabG,JW1079,+,1152247,1152981,b1093,+,1149893,1150627,E,E,u,3,,BSU15910,fabG,BSU15910
ECK1080,acpP,JW1080,+,1153192,1153428,b1094,+,1150838,1151074,?,E,u,2.5,G,BSU15920,acpA,BSU15920
ECK1084,tmk,JW1084,+,1156701,1157342,b1098,+,1154347,1154988,E,E,u,3,En,BSU00280,tmk,BSU00280
ECK1085,holB,JW1085,+,1157339,1158343,b1099,+,1154985,1155989,E,E,u,3,G,,,
ECK1102,lolC,JW5161,+,1177004,1178203,b1116,+,1174650,1175849,E,E,u,3,Ec,,,
ECK1103,lolD,JW5162,+,1178196,1178897,b1117,+,1175842,1176543,E,E,u,3,Ec,BSU30420,ytrE,
ECK1104,lolE,JW1104,+,1178897,1180141,b1118,+,1176543,1177787,E,E,u,3,Ec,,,
ECK1117,purB,JW1117,-,1192193,1193563,b1131,-,1189839,1191209,N,N,u,0,G,BSU06440,purB,
ECK1131,ymfK,JW1131,-,1203836,1204510,b1145,-,1201482,1202156,E,N,u,1,Ec,,,
ECK1162,minE,JW1163,-,1225856,1226122,b1174,-,1223502,1223768,X,N,u,0.5,En,,,
ECK1163,minD,JW1164,-,1226126,1226938,b1175,-,1223772,1224584,E,N,N,0,En,BSU27990,minD,
ECK1192,pth,JW1195,-,1259506,1260090,b1204,-,1257152,1257736,E,E,N,2,B,BSU00530,spoVC,BSU00530
ECK1195,prsA,JW1198,-,1262505,1263452,b1207,-,1260151,1261098,E,E,u,3,G,BSU00510,prs,BSU00510
ECK1196,ispE,JW1199,-,1263603,1264454,b1208,-,1261249,1262100,E,E,u,3,Ec,BSU00460,ispE,BSU00460
ECK1197,lolB,JW1200,-,1264454,1265077,b1209,-,1262100,1262723,X,E,u,2.5,Ec,,,
ECK1198,hemA,JW1201,+,1265291,1266547,b1210,+,1262937,1264193,X,N,u,0.5,Ec,BSU28170,hemA,
ECK1199,prfA,JW1202,+,1266589,1267671,b1211,+,1264235,1265317,X,E,u,2.5,B,BSU37010,prfA,BSU37010
ECK1200,prmC,JW1203,+,1267671,1268504,b1212,+,1265317,1266150,E,N,u,1,P,BSU37000,ywkE,
ECK1203,kdsA,JW1206,+,1269742,1270596,b1215,+,1267388,1268242,N*,E,u,2,Ec,BSU29750,aroA,
ECK1268,topA,JW1266,+,1332762,1335359,b1274,+,1329072,1331669,E,E,u,3,Ec,BSU16120,topA,BSU16120
ECK1272,ribA,JW1269,-,1340284,1340874,b1277,-,1336594,1337184,E,N,u,1,En,BSU23260,ribA,
ECK1283,fabI,JW1281,-,1351965,1352753,b1288,-,1348275,1349063,E,E,u,3,En,BSU11720,fabI,
ECK1354,racR,JW1351,-,1421479,1421955,b1356,-,1417789,1418265,E,N,u,1,,,,
ECK1564,dicA,JW1562,+,1649648,1650055,b1570,+,1645958,1646365,E,N,u,1,,BSU04820,ydcN,
ECK1566,ydfB,JW1564,+,1650379,1650507,b1572,+,1646689,1646817,-,N,N,-0.5,Ec,,,
ECK1633,tyrS,JW1629,-,1717662,1718936,b1637,-,1713972,1715246,E,E,u,3,P,BSU29670,tyrS,BSU29670
ECK1658,ribC,JW1654,-,1744315,1744956,b1662,-,1740625,1741266,E,N,u,1,G,BSU23270,ribE,
ECK1687,ydiL,JW1679,+,1772329,1772685,b1689,+,1768639,1768995,N,N,N,-1,Ec,,,
ECK1711,pheT,JW1703,-,1797271,1799658,b1713,-,1793581,1795968,?,E,u,2.5,,BSU28630,pheT,BSU28630
ECK1712,pheS,JW5277,-,1799673,1800656,b1714,-,1795983,1796966,?,E,u,2.5,ABE,BSU28640,pheS,BSU28640
ECK1714,rplT,JW1706,-,1801107,1801463,b1716,-,1797417,1797773,E,E,u,3,B,BSU28850,rplT,BSU28850
ECK1716,infC,JW5829,-,1801810,1802352,b1718,-,1798120,1798662,E,E,u,3,Ec,BSU28870,infC,BSU28870
ECK1717,thrS,JW1709,-,1802356,1804284,b1719,-,1798666,1800594,E,E,u,3,ABE,BSU28950,thrS,
ECK1738,nadE,JW1729,+,1824172,1824999,b1740,+,1820482,1821309,E,E,u,3,Ec,BSU03130,nadE,BSU03130
ECK1777,gapA,JW1768,+,1864485,1865480,b1779,+,1860795,1861790,E,N,u,1,En,BSU29020,gapB,
ECK1805,yeaZ,JW1796,-,1892286,1892981,b1807,-,1888596,1889291,E,u,u,2,G,BSU05920,ydiC,BSU05920
ECK1867,aspS,JW1855,-,1950464,1952236,b1866,-,1946774,1948546,E,E,u,3,P,BSU27550,aspS,BSU27550
ECK1877,argS,JW1865,+,1961776,1963509,b1876,+,1958086,1959819,E,E,u,3,ABE,BSU37330,argS,BSU37330
ECK1911,pgsA,JW1897,-,1994406,1994954,b1912,-,1990293,1990841,E,E,u,3,Ec,BSU16920,pgsA,BSU16920
ECK2012,yefM,JW5835,-,2091599,2091850,b2017,-,2087486,2087737,X,N,N,-0.5,,,,
ECK2107,metG,JW2101,+,2197634,2199667,b2114,+,2192322,2194355,E,N,N,0,P,BSU00380,metS,BSU00380
ECK2146,folE,JW2140,-,2246318,2246986,b2153,-,2241006,2241674,E,N,u,1,Ec,BSU22780,mtrA,
ECK2182,yejM,JW2176,+,2287710,2289470,b2188,+,2282398,2284158,N,u,N,0,Ec,,,
ECK2223,gyrA,JW2225,-,2341463,2344090,b2231,-,2334815,2337442,E,E,N,2,B,BSU00070,gyrA,BSU00070
ECK2226,nrdA,JW2228,+,2349535,2351820,b2234,+,2342887,2345172,E,E,u,3,Ec,,,
ECK2227,nrdB,JW2229,+,2352054,2353184,b2235,+,2345406,2346536,E,E,u,3,Ec,,,
ECK2309,folC,JW2312,-,2437120,2438388,b2315,-,2429696,2430964,X,N,u,0.5,G,BSU28080,folC,
ECK2310,accD,JW2313,-,2438458,2439372,b2316,-,2431034,2431948,N*,E,u,2,Ec,BSU29210,accD,BSU29210
ECK2317,fabB,JW2320,-,2445831,2447051,b2323,-,2438407,2439627,E,E,u,3,En,,,
ECK2394,gltX,JW2395,-,2524703,2526118,b2400,-,2517279,2518694,E,E,u,3,En,BSU00920,gltX,BSU00920
ECK2406,ligA,JW2403,-,2533607,2535622,b2411,-,2526183,2528198,E,E,u,3,Ec,BSU06620,ligA,BSU06620
ECK2407,zipA,JW2404,-,2535693,2536679,b2412,-,2528269,2529255,E,E,u,3,Ec,,,
ECK2467,dapE,JW2456,+,2590263,2591390,b2472,+,2589629,2590756,E,N,u,1,G,,,
ECK2474,dapA,JW2463,-,2597538,2598416,b2478,-,2596904,2597782,E,N,u,1,P,BSU16770,dapA,BSU16770
ECK2507,der,JW5403,-,2634540,2636012,b2511,-,2633906,2635378,E,u,u,2,B,BSU22840,yphC,BSU22840
ECK2510,hisS,JW2498,-,2637957,2639231,b2514,-,2637323,2638597,E,E,u,3,P,BSU27560,hisS,BSU27560
ECK2511,ispG,JW2499,-,2639342,2640460,b2515,-,2638708,2639826,E,E,u,3,Ec,BSU25070,yqfY,BSU25070
ECK2530,suhB,JW2517,+,2662098,2662901,b2533,+,2661464,2662267,E,N,N,0,,BSU14670,yktC,
ECK2557,tadA,JW2543,-,2696010,2696546,b2559,-,2695376,2695912,E,u,u,2,G,BSU00180,yaaJ,
ECK2561,acpS,JW2547,-,2699274,2699654,b2563,-,2698640,2699020,E,E,u,3,En,BSU04620,acpS,BSU04620
ECK2564,era,JW2550,-,2701137,2702042,b2566,-,2700503,2701408,E,E,u,3,Ec,BSU25290,era,BSU25290
ECK2565,rnc,JW2551,-,2702039,2702719,b2567,-,2701405,2702085,E,N,N,0,P,BSU15930,rnc,BSU15930
ECK2566,lepB,JW2552,-,2702991,2703965,b2568,-,2702357,2703331,E,E,u,3,P,BSU04010,sipU,
ECK2571,rpoE,JW2557,-,2708093,2708668,b2573,-,2707459,2708034,?,N,u,0.5,Ec,BSU01730,sigW,
ECK2583,pssA,JW2569,+,2721383,2722738,b2585,+,2720749,2722104,E,E,u,3,Ec,,,
ECK2593,yfiO,JW2577,+,2734802,2735539,b2595,+,2734168,2734905,N,u,N,0,Ec,,,
ECK2603,rplS,JW2587,-,2742839,2743186,b2606,-,2742205,2742552,E,E,u,3,P,BSU16040,rplS,BSU16040
ECK2604,trmD,JW2588,-,2743228,2743995,b2607,-,2742594,2743361,E,E,u,3,Ec,BSU16030,trmD,BSU16030
ECK2606,rpsP,JW2590,-,2744593,2744841,b2609,-,2743959,2744207,E,E,u,3,En,BSU15990,rpsP,BSU15990
ECK2607,ffh,JW5414,-,2745090,2746451,b2610,-,2744456,2745817,E,E,u,3,P,BSU15980,ffh,BSU15980
ECK2610,grpE,JW2594,-,2748771,2749364,b2614,-,2748137,2748730,E,E,u,3,B,BSU25480,grpE,
ECK2611,yfjB,JW2596,+,2749487,2750365,b2615,+,2748853,2749731,E,u,u,2,P,BSU11610,ppnK/yjbN,BSU11610
ECK2691,csrA,JW2666,-,2817617,2817802,b2696,-,2816983,2817168,X,N,u,0.5,Ec,BSU35370,csrA,
ECK2741,ispF,JW2716,-,2869957,2870436,b2746,-,2869323,2869802,E,E,u,3,Ec,BSU00910,yacN,BSU00910
ECK2742,ispD,JW2717,-,2870436,2871146,b2747,-,2869802,2870512,E,E,u,3,Ec,BSU00900,yacM,BSU00900
ECK2743,ftsB,JW2718,-,2871165,2871476,b2748,-,2870531,2870842,E,E,N,2,Ec,,,
ECK2773,eno,JW2750,-,2905299,2906597,b2779,-,2904665,2905963,X,E,u,2.5,G,BSU33900,eno,BSU33900
ECK2774,pyrG,JW2751,-,2906685,2908322,b2780,-,2906051,2907688,E,u,u,2,P,BSU37150,pyrG,BSU37150
ECK2777,chpR,JW2754,-,2909747,2909995,b2783,-,2909113,2909361,N,N,u,0,,,,
ECK2824,lgt,JW2796,-,2963818,2964693,b2828,-,2963184,2964059,E,E,N,2,Ec,BSU34990,lgt,
ECK2921,fbaA,JW2892,-,3068821,3069900,b2925,-,3068187,3069266,E,E,u,3,En,,,
ECK2922,pgk,JW2893,-,3070115,3071278,b2926,-,3069481,3070644,E,N,N,0,G,BSU33930,pgk,BSU33930
ECK2936,yqgD,JW2908,-,3085055,3085306,b2941,-,3084421,3084672,?,u,u,1.5,Ec,,,
ECK2937,metK,JW2909,+,3085362,3086516,b2942,+,3084728,3085882,E,E,u,3,Ec,BSU30550,metK,BSU30550
ECK2944,yqgF,JW2916,+,3092156,3092572,b2949,+,3091522,3091938,E,E,u,3,G,BSU27390,yrrK,
ECK3009,plsC,JW2986,-,3161400,3162137,b3018,-,3160766,3161503,E,E,u,3,Ec,,,
ECK3012,ygiT,JW2989,-,3166507,3166902,b3021,-,3165873,3166268,E,N,u,1,,,,
ECK3021,parE,JW2998,-,3172160,3174052,b3030,-,3171526,3173418,E,E,u,3,Ec,,,
ECK3032,ribB,JW3009,-,3182469,3183122,b3041,-,3181835,3182488,E,E,u,3,G,BSU23260,ribA,
ECK3046,cca,JW3028,+,3200547,3201785,b3056,+,3199913,3201151,E,N,u,1,En,,,
ECK3054,ygjD,JW3036,-,3208186,3209199,b3064,-,3207552,3208565,X,E,u,2.5,En,BSU05940,gcp,BSU05940
ECK3102,tdcF,JW5521,-,3258377,3258766,b3113,-,3257743,3258132,N,N,u,0,Ec,BSU00480,yabJ,
ECK3134,yraL,JW3115,-,3292330,3293190,b3146,-,3290497,3291357,N,u,N,0,G,BSU00360,yabC,
ECK3147,yhbV,JW5530,+,3302344,3303222,b3159,+,3300511,3301389,N,u,u,1,Ec,,,
ECK3157,infB,JW3137,-,3313197,3315869,b3168,-,3311364,3314036,E,E,u,3,P,BSU16630,infB,BSU16630
ECK3158,nusA,JW3138,-,3315894,3317381,b3169,-,3314061,3315548,N*,E,N,1,B,BSU16600,nusA,BSU16600
ECK3167,ftsH,JW3145,-,3324856,3326790,b3178,-,3323023,3324957,N,E,N,1,,BSU00690,ftsH,
ECK3172,obgE,JW3150,-,3330437,3331609,b3183,-,3328604,3329776,E,E,u,3,B,BSU27920,obg,BSU27920
ECK3174,rpmA,JW3152,-,3332717,3332974,b3185,-,3330884,3331141,X,E,u,2.5,B,BSU27940,rpmA,BSU27940
ECK3175,rplU,JW3153,-,3332995,3333306,b3186,-,3331162,3331473,X,E,N,1.5,,BSU27960,rplU,BSU27960
ECK3176,ispB,JW3154,+,3333565,3334536,b3187,+,3331732,3332703,E,N,u,1,Ec,BSU22740,hepT,BSU22740
ECK3178,murA,JW3156,-,3335090,3336349,b3189,-,3333257,3334516,N,E,u,2,G,BSU36760,murAA,BSU36760
ECK3180,yrbB,JW5535,-,3336818,3337111,b3191,-,3334985,3335278,N,u,N,0,Ec,,,
ECK3188,yrbK,JW3166,+,3342691,3343266,b3199,+,3340858,3341433,X,E,u,2.5,Ec,,,
ECK3189,yhbN,JW3167,+,3343235,3343792,b3200,+,3341402,3341959,X,u,u,1.5,Ec,,,
ECK3219,rpsI,JW3199,-,3377670,3378062,b3230,-,3375837,3376229,E,E,u,3,B,BSU01500,rpsI,BSU01500
ECK3220,rplM,JW3200,-,3378078,3378506,b3231,-,3376245,3376673,E,E,u,3,P,BSU01490,rplM,BSU01490
ECK3224,degS,JW3204,+,3382055,3383122,b3235,+,3380222,3381289,N,E,N,1,Ec,BSU12900,htrA,
ECK3237,mreD,JW3218,-,3398242,3398730,b3249,-,3396409,3396897,N,N,u,0,Ec,,,
ECK3238,mreC,JW3219,-,3398730,3399833,b3250,-,3396897,3398000,E,N,u,1,Ec,BSU28020,mreC,BSU28020
ECK3239,mreB,JW3220,-,3399899,3400942,b3251,-,3398066,3399109,E,N,u,1,Ec,BSU28030,mreB,BSU28030
ECK3242,accB,JW3223,+,3405291,3405761,b3255,+,3403458,3403928,X,E,u,2.5,Ec,BSU24350,accB,BSU24350
ECK3243,accC,JW3224,+,3405772,3407121,b3256,+,3403939,3405288,X,E,u,2.5,Ec,BSU24340,accC,BSU24340
ECK3269,yrdC,JW3243,+,4209001,4209573,b3282,-,3428865,3429437,N,u,u,1,En,BSU36950,ywlC,BSU36950
ECK3273,def,JW3248,-,4206217,4206726,b3287,+,3431712,3432221,E,E,u,3,P,BSU15720,def,
ECK3274,fmt,JW3249,-,4205255,4206202,b3288,+,3432236,3433183,E,E,u,3,P,BSU15730,fmt,BSU15730
ECK3281,rplQ,JW3256,+,4200417,4200800,b3294,-,3437638,3438021,X,E,u,2.5,P,BSU01440,rplQ,BSU01440
ECK3282,rpoA,JW3257,+,4199387,4200376,b3295,-,3438062,3439051,X,E,u,2.5,B,BSU01430,rpoA,BSU01430
ECK3283,rpsD,JW3258,+,4198741,4199361,b3296,-,3439077,3439697,X,E,u,2.5,B,BSU29660,rpsD,BSU29660
ECK3284,rpsK,JW3259,+,4198318,4198707,b3297,-,3439731,3440120,X,E,u,2.5,P,BSU01420,rpsK,BSU01420
ECK3285,rpsM,JW3260,+,4197945,4198301,b3298,-,3440137,3440493,E,E,u,3,B,BSU01410,rpsM,BSU01410
ECK3287,secY,JW3262,+,4196319,4197650,b3300,-,3440788,3442119,E,E,u,3,ABE,BSU01360,secY,BSU01360
ECK3288,rplO,JW3263,+,4195877,4196311,b3301,-,3442127,3442561,E,E,u,3,B,BSU01350,rplO,BSU01350
ECK3289,rpmD,JW3264,+,4195694,4195873,b3302,-,3442565,3442744,?,E,u,2.5,G,BSU01340,rpmD,BSU01340
ECK3290,rpsE,JW3265,+,4195187,4195690,b3303,-,3442748,3443251,E,E,u,3,P,BSU01330,rpsE,BSU01330
ECK3291,rplR,JW3266,+,4194819,4195172,b3304,-,3443266,3443619,E,E,u,3,B,BSU01320,rplR,BSU01320
ECK3292,rplF,JW3267,+,4194276,4194809,b3305,-,3443629,3444162,E,E,u,3,B,BSU01310,rplF,BSU01310
ECK3293,rpsH,JW3268,+,4193871,4194263,b3306,-,3444175,3444567,E,E,N,2,ABE,BSU01300,rpsH,BSU01300
ECK3294,rpsN,JW3269,+,4193532,4193837,b3307,-,3444601,3444906,E,E,u,3,G,BSU08880,yhzA,
ECK3295,rplE,JW3270,+,4192978,4193517,b3308,-,3444921,3445460,N,E,u,2,B,BSU01280,rplE,BSU01280
ECK3296,rplX,JW3271,+,4192649,4192963,b3309,-,3445475,3445789,E,E,u,3,P,BSU01270,rplX,BSU01270
ECK3297,rplN,JW3272,+,4192267,4192638,b3310,-,3445800,3446171,E,E,u,3,En,BSU01260,rplN,BSU01260
ECK3298,rpsQ,JW3273,+,4191848,4192102,b3311,-,3446336,3446590,E,E,u,3,Ec,BSU01250,rpsQ,BSU01250
ECK3299,rpmC,JW3274,+,4191657,4191848,b3312,-,3446590,3446781,?,E,u,2.5,Ec,BSU01240,rpmC,BSU01240
ECK3300,rplP,JW3275,+,4191247,4191657,b3313,-,3446781,3447191,N,E,u,2,B,BSU01230,rplP,BSU01230
ECK3301,rpsC,JW3276,+,4190533,4191234,b3314,-,3447204,3447905,N,E,u,2,P,BSU01220,rpsC,BSU01220
ECK3302,rplV,JW3277,+,4190183,4190515,b3315,-,3447923,3448255,N,E,u,2,ABE,BSU01210,rplV,BSU01210
ECK3303,rpsS,JW3278,+,4189890,4190168,b3316,-,3448270,3448548,E,E,u,3,Ec,BSU01200,rpsS,BSU01200
ECK3304,rplB,JW3279,+,4189052,4189873,b3317,-,3448565,3449386,E,E,u,3,P,BSU01190,rplB,BSU01190
ECK3305,rplW,JW3280,+,4188732,4189034,b3318,-,3449404,3449706,E,E,u,3,P,BSU01180,rplW,BSU01180
ECK3306,rplD,JW3281,+,4188130,4188735,b3319,-,3449703,3450308,E,E,u,3,P,BSU01170,rplD,BSU01170
ECK3307,rplC,JW3282,+,4187490,4188119,b3320,-,3450319,3450948,E,E,u,3,B,BSU01160,rplC,BSU01160
ECK3308,rpsJ,JW3283,+,4187146,4187457,b3321,-,3450981,3451292,E,E,u,3,G,BSU01150,rpsJ,BSU01150
ECK3327,fusA,JW3302,+,4166902,4169016,b3340,-,3469422,3471536,E,E,u,3,B,BSU01120,fusA,BSU01120
ECK3328,rpsG,JW3303,+,4166335,4166874,b3341,-,3471564,3472103,N,E,u,2,B,BSU01110,rpsG,BSU01110
ECK3329,rpsL,JW3304,+,4165864,4166238,b3342,-,3472200,3472574,E,E,u,3,G,BSU01100,rpsL,BSU01100
ECK3371,trpS,JW3347,+,4126778,4127782,b3384,-,3510656,3511660,E,E,u,3,En,BSU11420,trpS,BSU11420
ECK3385,yrfF,JW3361,-,4111812,4113947,b3398,+,3524491,3526626,N,u,u,1,Ec,,,
ECK3419,asd,JW3396,+,4065537,4066640,b3433,-,3571798,3572901,E,N,u,1,En,,,
ECK3445,rpoH,JW3426,+,4039632,4040486,b3461,-,3597952,3598806,E,N,u,1,G,,,
ECK3446,ftsX,JW3427,+,4038329,4039387,b3462,-,3599051,3600109,N,E,u,2,Ec,BSU35250,ftsX,
ECK3447,ftsE,JW3428,+,4037668,4038336,b3463,-,3600102,3600770,E,E,N,2,Ec,BSU35260,ftsE,
ECK3448,ftsY,JW3429,+,4036172,4037665,b3464,-,3600773,3602266,E,E,u,3,P,BSU15950,ftsY,BSU15950
ECK3455,yhhQ,JW3436,-,4030533,4031198,b3471,+,3607240,3607905,X,N,u,0.5,Ec,BSU21980,ypdP,
ECK3517,bcsB,JW3500,+,3947808,3950147,b3532,-,3688291,3690630,N,N,u,0,Ec,,,
ECK3548,glyQ,JW3531,+,3915097,3916008,b3560,-,3722430,3723341,E,E,N,2,G,BSU25270,glyQ,BSU25270
ECK3584,yibJ,JW5647,-,3872493,3873194,b3595,+,3765244,3765945,N,N,u,0,,BSU39230,wapA,
ECK3598,gpsA,JW3583,+,3856754,3857773,b3608,-,3780665,3781684,N,N,N,-1,Ec,BSU22830,gpsA,BSU22830
ECK3613,rfaK,JW3598,+,3841103,3842176,b3623,-,3796262,3797335,N,N,u,0,Ec,,,
ECK3623,kdtA,JW3608,-,3830598,3831875,b3633,+,3806563,3807840,E,E,u,3,Ec,,,
ECK3624,coaD,JW3609,-,3830111,3830590,b3634,+,3807848,3808327,E,E,u,3,Ec,BSU15020,ylbI,
ECK3627,rpmB,JW3612,+,3828741,3828977,b3637,-,3809461,3809697,?,E,u,2.5,Ec,BSU15820,rpmB,BSU15820
ECK3629,dfp,JW5642,-,3826464,3827684,b3639,+,3810754,3811974,E,E,N,2,Ec,BSU15700,yloI,
ECK3630,dut,JW3615,-,3826028,3826483,b3640,+,3811955,3812410,E,E,u,3,En,,,
ECK3638,gmk,JW3623,-,3818364,3818987,b3648,+,3819451,3820074,E,E,u,3,P,BSU15680,gmk,BSU15680
ECK3640,spoT,JW3625,-,3815907,3818015,b3650,+,3820423,3822531,?,E,u,2.5,Ec,BSU27600,relA,
ECK3691,gyrB,JW5625,+,3760296,3762710,b3699,-,3875728,3878142,X,E,u,2.5,B,BSU00060,gyrB,BSU00060
ECK3693,dnaN,JW3678,+,3758094,3759194,b3701,-,3879244,3880344,X,E,u,2.5,B,BSU00020,dnaN,BSU00020
ECK3694,dnaA,JW3679,+,3756686,3758089,b3702,-,3880349,3881752,E,E,u,3,,BSU00010,dnaA,BSU00010
ECK3695,rpmH,JW3680,-,3755939,3756079,b3703,+,3882359,3882499,?,E,u,2.5,Ec,BSU41060,rpmH,BSU41060
ECK3696,rnpA,JW3681,-,3755563,3755922,b3704,+,3882516,3882875,?,E,u,2.5,Ec,BSU41050,rnpA,BSU41050
ECK3698,yidC,JW3683,-,3753693,3755339,b3705,+,3883099,3884745,?,E,u,2.5,B,BSU23890,yqjG,
ECK3702,tnaB,JW5622,-,3747997,3748980,b3709,+,3888259,3889506,N,N,u,0,Ec,,,
ECK3722,glmS,JW3707,+,3723013,3724842,b3729,-,3909862,3911691,E,N,u,1,Ec,BSU01780,glmS,BSU01780
ECK3723,glmU,JW3708,+,3721481,3722851,b3730,-,3911853,3913223,E,E,u,3,P,BSU00500,gcaD,BSU00500
ECK3786,wzyE,JW3769,-,3656728,3658080,b3793,+,3976624,3977976,E,N,u,1,Ec,,,
ECK3798,hemD,JW3776,+,3646853,3647593,b3804,-,3987111,3987851,E,u,u,2,Ec,,,
ECK3799,hemC,JW5932,+,3645915,3646856,b3805,-,3987848,3988789,E,u,u,2,Ec,BSU28150,hemC,
ECK3828,yigP,JW3811,-,3616452,3617057,b3834,+,4017647,4018252,N,u,N,0,Ec,,,
ECK3829,ubiB,JW3812,-,3614815,3616455,b3835,+,4018249,4019889,E,N,u,1,Ec,,,
ECK3835,ubiD,JW3819,-,3610200,3611693,b3843,+,4023011,4024504,N,u,u,1,Ec,BSU03640,yclC,
ECK3842,hemG,JW3827,-,3601528,3602073,b3850,+,4032631,4033176,E,N,u,1,Ec,,,
ECK3857,yihA,JW5930,+,3585952,3586548,b3865,-,4048156,4048752,E,E,u,3,Ec,BSU28190,ysxC,BSU28190
ECK3925,ftsN,JW3904,+,3513342,3514301,b3933,-,4120403,4121362,N,E,u,2,Ec,,,
ECK3959,murI,JW5550,-,3470396,3471253,b3967,+,4163451,4164308,E,E,u,3,Ec,BSU28390,racE,BSU28390
ECK3964,murB,JW3940,-,3463596,3464624,b3972,+,4170080,4171108,N,E,u,2,P,BSU15230,murB,BSU15230
ECK3965,birA,JW3941,-,3462634,3463599,b3973,+,4171105,4172070,E,N,u,1,Ec,BSU22440,birA,BSU22440
ECK3972,secE,JW3944,-,3458940,3459323,b3981,+,4175381,4175764,N,E,u,2,G,,,
ECK3973,nusG,JW3945,-,3458393,3458938,b3982,+,4175766,4176311,N,E,u,2,B,BSU01010,nusG,
ECK3976,rplJ,JW3948,-,3456188,3456685,b3985,+,4178019,4178516,E,E,u,3,B,BSU01040,rplJ,BSU01040
ECK3977,rplL,JW3949,-,3455756,3456121,b3986,+,4178583,4178948,E,E,u,3,P,BSU01050,rplL,BSU01050
ECK3978,rpoB,JW3950,-,3451408,3455436,b3987,+,4179268,4183296,E,E,u,3,G,BSU01070,rpoB,BSU01070
ECK3979,rpoC,JW3951,-,3447108,3451331,b3988,+,4183373,4187596,E,E,u,3,G,BSU01080,rpoC,BSU01080
ECK4032,ubiA,JW4000,+,4256606,4257478,b4040,+,4251039,4251911,X,N,u,0.5,Ec,,,
ECK4033,plsB,JW4001,-,4257633,4260056,b4041,-,4252066,4254489,X,E,N,1.5,Ec,,,
ECK4035,lexA,JW4003,+,4260705,4261313,b4043,+,4255138,4255746,X,N,u,0.5,Ec,BSU17850,lexA,
ECK4044,dnaB,JW4012,+,4267904,4269319,b4052,+,4262337,4263752,E,E,u,3,B,BSU40440,dnaC,BSU40440
ECK4051,ssb,JW4020,+,4277715,4278251,b4059,+,4272148,4272684,X,E,u,2.5,P,BSU40900,ssb,BSU40900
ECK4077,alsK,JW5724,-,4311449,4312477,b4084,-,4304893,4305822,N,N,u,0,,,,
ECK4136,groS,JW4102,+,4375368,4375661,b4142,+,4368711,4369004,E,E,u,3,P,BSU06020,groES,BSU06020
ECK4156,psd,JW4121,-,4394072,4395040,b4160,-,4387415,4388383,X,N,u,0.5,Ec,BSU02290,psd,
ECK4158,orn,JW5740,+,4396284,4396829,b4162,+,4389627,4390172,N,u,N,0,G,,,
ECK4164,yjeE,JW4126,+,4400265,4400726,b4168,+,4393608,4394069,E,E,u,3,Ec,BSU05910,ydiB,BSU05910
ECK4198,rpsR,JW4160,+,4430519,4430746,b4202,+,4423862,4424089,?,E,u,2.5,G,BSU40890,rpsR,BSU40890
ECK4220,chpS,JW5750,+,4453127,4453378,b4224,+,4446470,4446721,E,N,N,0,,,,
ECK4222,ppa,JW4185,-,4453802,4454332,b4226,-,4447145,4447675,E,E,u,3,En,,,
ECK4251,valS,JW4215,-,4485662,4488517,b4258,-,4479005,4481860,E,E,u,3,B,BSU28090,valS,BSU28090
ECK4254,yjgP,JW4218,+,4490898,4491998,b4261,+,4484241,4485341,E,u,u,2,Ec,,,
ECK4255,yjgQ,JW5760,+,4491998,4493080,b4262,+,4485341,4486423,E,u,N,1,Ec,,,
ECK4351,dnaC,JW4325,-,4604918,4605655,b4361,-,4598261,4598998,E,E,u,3,Ec,BSU28980,dnaI,BSU28980
none,none,JW5190,+,1279221,1279439,none,+,1276867,1277085,-,u,u,1.5,,,,
none,none,JW5193,-,1302283,1302477,none,N.A.,N.A.,N.A.,-,u,u,1.5,,,,
none,none,JW5379,-,2439359,2439469,none,-,2431935,2432045,-,u,u,1.5,,,,